"AgroPortal","BioPortal","BiodivPortal","EarthPortal","EcoPortal","IndPortal"
1,0.975543639853403,0.931280592856168,0.94663120112433,0.94339811320566,0.904062417311948
0.975543639853403,1,0.972305585328247,0.978449097992653,0.980087459654203,0.946585212257619
0.931280592856168,0.972305585328247,1,0.982102279234616,0.96534053729302,0.947115886321467
0.94663120112433,0.978449097992653,0.982102279234616,1,0.979874403254747,0.957130260024745
0.94339811320566,0.980087459654203,0.96534053729302,0.979874403254747,1,0.954425395225602
0.904062417311948,0.946585212257619,0.947115886321467,0.957130260024745,0.954425395225602,1
